{
  "total_jobs_processed": 27783,
  "jobs_with_monster_links": 987,
  "percentage_with_monster": 3.5525321239606953,
  "extraction_date": "2025-08-20T09:12:15.050591"
}