{
  "total_jobs_processed": 29365,
  "jobs_with_monster_links": 1054,
  "percentage_with_monster": 3.5893069981270216,
  "extraction_date": "2025-08-22T09:10:51.624126"
}