{
  "total_jobs_processed": 30030,
  "jobs_with_monster_links": 1076,
  "percentage_with_monster": 3.583083583083583,
  "extraction_date": "2025-08-25T09:12:44.653479"
}