{
  "total_jobs_processed": 32862,
  "jobs_with_monster_links": 1233,
  "percentage_with_monster": 3.752054044184773,
  "extraction_date": "2025-08-29T09:10:12.065141"
}