{
  "total_jobs_processed": 26215,
  "jobs_with_monster_links": 916,
  "percentage_with_monster": 3.494182719816899,
  "extraction_date": "2025-08-17T09:09:16.437287"
}