{
  "total_jobs_processed": 33480,
  "jobs_with_monster_links": 1250,
  "percentage_with_monster": 3.733572281959379,
  "extraction_date": "2025-09-02T09:10:32.700040"
}