{
  "total_jobs_processed": 28506,
  "jobs_with_monster_links": 1026,
  "percentage_with_monster": 3.5992422647863607,
  "extraction_date": "2025-08-21T09:14:46.893048"
}