{
  "total_jobs_processed": 33288,
  "jobs_with_monster_links": 1250,
  "percentage_with_monster": 3.755106945445806,
  "extraction_date": "2025-09-01T09:11:24.077049"
}