{
  "total_jobs_processed": 37763,
  "jobs_with_monster_links": 1408,
  "percentage_with_monster": 3.728517331779784,
  "extraction_date": "2025-09-10T09:12:30.380677"
}