{
  "total_jobs_processed": 34140,
  "jobs_with_monster_links": 1272,
  "percentage_with_monster": 3.7258347978910367,
  "extraction_date": "2025-09-03T09:09:34.334961"
}