{
  "total_jobs_processed": 9150,
  "jobs_with_monster_links": 331,
  "percentage_with_monster": 3.6174863387978142,
  "extraction_date": "2025-09-11T15:58:56.934415"
}