{
  "total_jobs_processed": 33254,
  "jobs_with_monster_links": 1250,
  "percentage_with_monster": 3.7589462921753776,
  "extraction_date": "2025-08-31T09:08:50.213933"
}