{
  "total_jobs_processed": 22953,
  "jobs_with_monster_links": 761,
  "percentage_with_monster": 3.3154707445649807,
  "extraction_date": "2025-08-11T09:13:32.532171"
}