{
  "total_jobs_processed": 22760,
  "jobs_with_monster_links": 758,
  "percentage_with_monster": 3.330404217926186,
  "extraction_date": "2025-08-10T09:09:05.277638"
}