{
  "total_jobs_processed": 24309,
  "jobs_with_monster_links": 810,
  "percentage_with_monster": 3.3320992225101813,
  "extraction_date": "2025-08-13T09:11:17.084524"
}