{
  "total_jobs_processed": 32086,
  "jobs_with_monster_links": 1188,
  "percentage_with_monster": 3.702549398491554,
  "extraction_date": "2025-08-28T09:09:53.190754"
}