{
  "total_jobs_processed": 25057,
  "jobs_with_monster_links": 848,
  "percentage_with_monster": 3.384283832861077,
  "extraction_date": "2025-08-14T09:12:12.481287"
}