{
  "total_jobs_processed": 22197,
  "jobs_with_monster_links": 735,
  "percentage_with_monster": 3.3112582781456954,
  "extraction_date": "2025-08-08T09:13:07.634508"
}