{
  "total_jobs_processed": 22755,
  "jobs_with_monster_links": 758,
  "percentage_with_monster": 3.331136014062843,
  "extraction_date": "2025-08-09T09:09:13.619002"
}