{
  "total_jobs_processed": 33252,
  "jobs_with_monster_links": 1250,
  "percentage_with_monster": 3.759172380608685,
  "extraction_date": "2025-08-30T09:08:21.518317"
}