{
  "total_jobs_processed": 23613,
  "jobs_with_monster_links": 783,
  "percentage_with_monster": 3.3159700165163257,
  "extraction_date": "2025-08-12T09:10:46.237092"
}