{
  "total_jobs_processed": 35982,
  "jobs_with_monster_links": 1358,
  "percentage_with_monster": 3.7741092768606523,
  "extraction_date": "2025-09-07T10:30:19.118198"
}