{
  "total_jobs_processed": 35981,
  "jobs_with_monster_links": 1358,
  "percentage_with_monster": 3.7742141685889776,
  "extraction_date": "2025-09-06T09:10:02.138704"
}