{
  "total_jobs_processed": 30665,
  "jobs_with_monster_links": 1113,
  "percentage_with_monster": 3.629545083971955,
  "extraction_date": "2025-08-26T09:11:38.113753"
}