{
  "total_jobs_processed": 21367,
  "jobs_with_monster_links": 719,
  "percentage_with_monster": 3.3650021060513873,
  "extraction_date": "2025-08-07T21:36:54.503296"
}