{
  "total_jobs_processed": 9150,
  "jobs_with_monster_links": 331,
  "percentage_with_monster": 3.6174863387978142,
  "extraction_date": "2025-09-11T16:40:11.613563"
}