{
  "total_jobs_processed": 29833,
  "jobs_with_monster_links": 1076,
  "percentage_with_monster": 3.6067442094325073,
  "extraction_date": "2025-08-23T09:09:21.887445"
}