{
  "total_jobs_processed": 25737,
  "jobs_with_monster_links": 888,
  "percentage_with_monster": 3.450285581070055,
  "extraction_date": "2025-08-15T09:10:41.499525"
}