{
  "total_jobs_processed": 36939,
  "jobs_with_monster_links": 1377,
  "percentage_with_monster": 3.7277674003086165,
  "extraction_date": "2025-09-09T09:12:54.080098"
}