{
  "total_jobs_processed": 31384,
  "jobs_with_monster_links": 1153,
  "percentage_with_monster": 3.673846546010706,
  "extraction_date": "2025-08-27T09:14:49.294154"
}