{
  "total_jobs_processed": 29839,
  "jobs_with_monster_links": 1076,
  "percentage_with_monster": 3.6060189684640904,
  "extraction_date": "2025-08-24T09:08:43.861261"
}