{
  "total_jobs_processed": 27066,
  "jobs_with_monster_links": 936,
  "percentage_with_monster": 3.45821325648415,
  "extraction_date": "2025-08-19T09:09:40.305275"
}