{
  "total_jobs_processed": 36253,
  "jobs_with_monster_links": 1358,
  "percentage_with_monster": 3.7458968912917547,
  "extraction_date": "2025-09-08T09:11:33.764106"
}