{
  "total_jobs_processed": 35498,
  "jobs_with_monster_links": 1341,
  "percentage_with_monster": 3.777677615640318,
  "extraction_date": "2025-09-05T09:10:41.285596"
}