{
  "total_jobs_processed": 26444,
  "jobs_with_monster_links": 918,
  "percentage_with_monster": 3.4714869157464827,
  "extraction_date": "2025-08-18T09:12:54.392846"
}