{
  "total_jobs_processed": 34800,
  "jobs_with_monster_links": 1307,
  "percentage_with_monster": 3.7557471264367814,
  "extraction_date": "2025-09-04T09:34:06.470199"
}