{
  "total_jobs_processed": 26213,
  "jobs_with_monster_links": 916,
  "percentage_with_monster": 3.4944493190401706,
  "extraction_date": "2025-08-16T09:09:59.751010"
}